Class,share
0,0.9982725143693799
1,0.001727485630620034
