class,share
0,0.9063542273280746
1,0.09364577267192546
